Title,Author,Format-Year
Spanish Romance Stories for Language Learning,"Rowett, Mary","eAudiobook, 2026
eAudiobook, 2026
Check out now on Hoopla
Check out now on Hoopla, opens a new window"
Welcome to Learning Spanish,Diana Trejos de Villegas,"eBook, 2026
eBook, 2026
Check out now on Hoopla
Check out now on Hoopla, opens a new window"
Real-World Spanish: The Conversation Learning System,Camila Vega Rivera,"eAudiobook, 2025
eAudiobook, 2025
Check out now on Hoopla
Check out now on Hoopla, opens a new window"
Learning Spanish-beginner I,"Iris Acevedo A.; Spanishonline, Costarica","eBook, 2025 — Spanish
eBook, 2025. Language: Spanish
Check out now on Hoopla
Check out now on Hoopla, opens a new window"
100 Facts About Learning Spanish,Science-Based Language Learning Lab,"eAudiobook, 2024
eAudiobook, 2024
Check out now on Hoopla
Check out now on Hoopla, opens a new window"
No Tears Spanish Grammar: Easy Learning: Essential Rules for Beginners,"Bennett, Olivia","eBook, 2024
eBook, 2024
Check out now on Hoopla
Check out now on Hoopla, opens a new window"
100 Facts About Learning Spanish,Science-Based Language Learning Lab,"eBook, 2024
eBook, 2024
Check out now on Hoopla
Check out now on Hoopla, opens a new window"
The Ultimate Learning Spanish Blueprint - 10 Essential Steps,"Ramirez, Andres","eAudiobook, 2024
eAudiobook, 2024
Check out now on Hoopla
Check out now on Hoopla, opens a new window"
A Beginner's Guide to Learning Spanish,"Miller, Jackson","eAudiobook, 2024
eAudiobook, 2024
Check out now on Hoopla
Check out now on Hoopla, opens a new window"
Learning Spanish for Adults Beginner,"World, Spain","eBook, 2023
eBook, 2023
Check out now on Hoopla
Check out now on Hoopla, opens a new window"
Learning to Read in English and Spanish Made Easy,"Navarijo, Susie G.","eBook, 2022
eBook, 2022
Check out now on Hoopla
Check out now on Hoopla, opens a new window"
Learn Spanish Like a Native for Beginners - Level 1: Learning Spanish in Your Car Has Never Been Eas,Learn Like a Native,"eBook, 2021
eBook, 2021
Check out now on Hoopla
Check out now on Hoopla, opens a new window"
Learn Spanish Like a Native for Beginners - Level 2: Learning Spanish in Your Car Has Never Been Eas,Learn Like a Native,"eBook, 2021
eBook, 2021
Check out now on Hoopla
Check out now on Hoopla, opens a new window"
Spanish for Beginners: A Comprehensive Guide for Learning the Spanish Language Fast,Language Equipped Travelers,"eBook, 2021
eBook, 2021
Check out now on Hoopla
Check out now on Hoopla, opens a new window"
"Spanish: Beginner's Step by Step Course to Quickly Learning the Spanish Language, Spanish Grammar &","Michaels, Steven J.","eBook, 2021
eBook, 2021
Check out now on Hoopla
Check out now on Hoopla, opens a new window"
I am learning Spanish,"Gardner, James M.","eAudiobook, 2018
eAudiobook, 2018
Check out now on Hoopla
Check out now on Hoopla, opens a new window"
The Best Spanish Learning Games for Children,"Professor, Baby","eBook, 2017
eBook, 2017
Check out now on Hoopla
Check out now on Hoopla, opens a new window"
Easy Learning Spanish Vocabulary,"Dictionaries, Collins","eBook, 2016 — Spanish
eBook, 2016. Language: Spanish
Check out now on Hoopla
Check out now on Hoopla, opens a new window"
Spanish Easy Learning Complete Course,"Carmen García del Río; Fitzsimons, Ronan","eAudiobook, 2016
eAudiobook, 2016
Check out now on Hoopla
Check out now on Hoopla, opens a new window"
Learning the Local Language: Your Guide to Real World Spanish,"Romey, Jared","eBook, 2013
eBook, 2013
Check out now on Hoopla
Check out now on Hoopla, opens a new window"
